Guillermo Varela Olivera,23,Uruguay,Defence - Right-Back,right,375k,30,GT Talents World,http://www.transfermarkt.co.uk//guillermo-varela/profil/spieler/188862
Raheem Shaquille Sterling,21,England,Striker - Left Wing,right,37.50m,7,Adrian Ward,http://www.transfermarkt.co.uk//raheem-sterling/profil/spieler/134425
Diego da Silva Costa,27,Spain,Striker - Centre Forward,right,33.75m,19,Gestifute,http://www.transfermarkt.co.uk//diego-costa/profil/spieler/44779
Wayne Mark Rooney,30,England,Striker - Secondary Striker,right,30.00m,10,First Artist Corporation Plc.,http://www.transfermarkt.co.uk//wayne-rooney/profil/spieler/3332
Roberto Firmino Barbosa de Oliveira,24,Brazil,Striker - Secondary Striker,right,26.25m,11,ROGON,http://www.transfermarkt.co.uk//roberto-firmino/profil/spieler/131789
David de Gea Quintana,25,Spain,Goalkeeper,right,26.25m,1,Relatives,http://www.transfermarkt.co.uk//david-de-gea/profil/spieler/59377
Romelu Menama Lukaku Bolingoli,22,Belgium,Striker - Centre Forward,left,26.25m,10,Mino Raiola,http://www.transfermarkt.co.uk//romelu-lukaku/profil/spieler/96341
Philippe Coutinho Correia,23,Brazil,Midfield - Attacking Midfield,right,24.00m,10,Mondial Sport,http://www.transfermarkt.co.uk//coutinho/profil/spieler/80444
Willian Borges da Silva,27,Brazil,Midfield - Right Wing,right,24.00m,22,KICK & RUN SPORTS,http://www.transfermarkt.co.uk//willian/profil/spieler/52769
Aaron James Ramsey,25,Wales,Midfield - Central Midfield,both,22.50m,16,Base Soccer Agency Ltd,http://www.transfermarkt.co.uk//aaron-ramsey/profil/spieler/50057
Harry Edward Kane,22,England,Striker - Centre Forward,right,22.50m,10,not informed,http://www.transfermarkt.co.uk//harry-kane/profil/spieler/132098
Anthony Joran Martial,20,France,Striker - Centre Forward,right,22.50m,9,USFA Management,http://www.transfermarkt.co.uk//anthony-martial/profil/spieler/182877
Vincent Jean Mpoy Kompany,30,Belgium,Defence - Centre Back,right,22.50m,4,Eleven Management,http://www.transfermarkt.co.uk//vincent-kompany/profil/spieler/9594
Christian Benteke Liolo,25,Belgium,Striker - Centre Forward,right,22.50m,9,Eris Kismet,http://www.transfermarkt.co.uk//christian-benteke/profil/spieler/50201
Christian Dannemann Eriksen,24,Denmark,Midfield - Attacking Midfield,right,21.75m,23,The Talents Sportsmanagement Ltd,http://www.transfermarkt.co.uk//christian-eriksen/profil/spieler/69633
Jordan Brian Henderson,25,England,Midfield - Central Midfield,right,21.00m,14,Key Sports Managment Ltd.,http://www.transfermarkt.co.uk//jordan-henderson/profil/spieler/61651
Fernando Luis Roza,31,Brazil,Midfield - Central Midfield,right,21.00m,25,Mondial Sport,http://www.transfermarkt.co.uk//fernandinho/profil/spieler/26267
Daniel Andre Sturridge,26,England,Striker - Centre Forward,left,18.75m,15,octagon,http://www.transfermarkt.co.uk//daniel-sturridge/profil/spieler/47082
Theo James Walcott,27,England,Striker - Right Wing,both,18.75m,14,Key Sports Managment Ltd.,http://www.transfermarkt.co.uk//theo-walcott/profil/spieler/33713
Jack Andrew Garry Wilshere,24,England,Midfield - Central Midfield,left,18.75m,10,Base Soccer Agency Ltd,http://www.transfermarkt.co.uk//jack-wilshere/profil/spieler/74223
Wilfried Guemiand Bony,27,Cote d'Ivoire,Striker - Centre Forward,right,17.25m,14,IFMM,http://www.transfermarkt.co.uk//wilfried-bony/profil/spieler/81808
Tobias Albertine Maurits Alderweireld,27,Belgium,Defence - Centre Back,right,16.50m,4,Not clarified,http://www.transfermarkt.co.uk//toby-alderweireld/profil/spieler/42710
Luke Paul Hoare Shaw,20,England,Defence - Left-Back,left,15.75m,23,Stellar Football Ltd,http://www.transfermarkt.co.uk//luke-shaw/profil/spieler/183288
Alexander Mark David Oxlade-Chamberlain,22,England,Midfield - Right Wing,right,15.00m,15,FDF,http://www.transfermarkt.co.uk//alex-oxlade-chamberlain/profil/spieler/143424
Georginio Gregion Emile Wijnaldum,25,Netherlands,Midfield - Attacking Midfield,right,15.00m,5,Football Mix B.V.,http://www.transfermarkt.co.uk//georginio-wijnaldum/profil/spieler/49499
Nathaniel Edwin Clyne,25,England,Defence - Right-Back,right,15.00m,2,not informed,http://www.transfermarkt.co.uk//nathaniel-clyne/profil/spieler/85177
Christopher Lloyd Smalling,26,England,Defence - Centre Back,right,14.25m,12,World in Motion,http://www.transfermarkt.co.uk//chris-smalling/profil/spieler/103427
Marouane Fellaini-Bakkioui,28,Belgium,Midfield - Central Midfield,right,14.25m,27,Football Solution Business limited,http://www.transfermarkt.co.uk//marouane-fellaini/profil/spieler/39679
Gilbert Imbula Wanga,23,France,Midfield - Defensive Midfield,left,13.50m,21,Mondial Sport,http://www.transfermarkt.co.uk//giannelli-imbula/profil/spieler/130756
Adam David Lallana,28,England,Midfield - Attacking Midfield,both,13.50m,20,not informed,http://www.transfermarkt.co.uk//adam-lallana/profil/spieler/43530
Kurt Happy Zouma,21,France,Defence - Centre Back,right,12.75m,5,Mondial Sport,http://www.transfermarkt.co.uk//kurt-zouma/profil/spieler/157509
Daniel Nii Tackie Mensah Welbeck,25,England,Striker - Centre Forward,right,12.75m,23,KICK & RUN SPORTS,http://www.transfermarkt.co.uk//danny-welbeck/profil/spieler/67063
Gary James Cahill,30,England,Defence - Centre Back,right,12.75m,24,Base Soccer Agency Ltd,http://www.transfermarkt.co.uk//gary-cahill/profil/spieler/27511
Leighton John Baines,31,England,Defence - Left-Back,left,12.75m,3,Base Soccer Agency Ltd,http://www.transfermarkt.co.uk//leighton-baines/profil/spieler/13507
Fernando Francisco Reges,28,Brazil,Midfield - Defensive Midfield,right,12.00m,6,Onsoccer,http://www.transfermarkt.co.uk//fernando/profil/spieler/51174
Charles Joseph John Hart,29,England,Goalkeeper,right,12.00m,1,Stellar Football Ltd,http://www.transfermarkt.co.uk//joe-hart/profil/spieler/40204
Victor Mugabe Wanyama,24,Kenya,Midfield - Defensive Midfield,left,11.25m,12,ExtraTime S.L.,http://www.transfermarkt.co.uk//victor-wanyama/profil/spieler/77760
Eric Jeremy Edgar Dier,22,England,Midfield - Defensive Midfield,right,11.25m,15,Sbsfoot,http://www.transfermarkt.co.uk//eric-dier/profil/spieler/175722
Philip Anthony Jones,24,England,Defence - Centre Back,right,11.25m,4,Key Sports Managment Ltd.,http://www.transfermarkt.co.uk//phil-jones/profil/spieler/117996
Pablo Javier Zabaleta Girod,31,Argentina,Defence - Right-Back,right,10.50m,5,Horacio Gaggioli,http://www.transfermarkt.co.uk//pablo-zabaleta/profil/spieler/20007
James Philip Milner,30,England,Midfield - Central Midfield,right,10.50m,7,Jason Ferguson,http://www.transfermarkt.co.uk//james-milner/profil/spieler/3333
Charles Austin,26,England,Striker - Centre Forward,right,9.75m,28,Soccertalents,http://www.transfermarkt.co.uk//charlie-austin/profil/spieler/129627
El Hadji Baye Oumar Niasse,26,Senegal,Striker - Centre Forward,right,9.75m,14,BURAK SALLAK,http://www.transfermarkt.co.uk//oumar-niasse/profil/spieler/209781
Kieran James Ricardo Gibbs,26,England,Defence - Left-Back,left,9.75m,3,SEM Group plc.,http://www.transfermarkt.co.uk//kieran-gibbs/profil/spieler/44792
Kevin Antonio Joel Gislain Mirallas y Castillo,28,Belgium,Midfield - Left Wing,right,9.75m,11,Christophe Henrotay,http://www.transfermarkt.co.uk//kevin-mirallas/profil/spieler/33639
Baba Abdul Rahman,21,Ghana,Defence - Left-Back,left,9.75m,6,SPOCS,http://www.transfermarkt.co.uk//abdul-rahman-baba/profil/spieler/224884
Kyle Andrew Walker,25,England,Defence - Right-Back,right,9.75m,2,Not clarified,http://www.transfermarkt.co.uk//kyle-walker/profil/spieler/95424
Fraser Gerard Forster,28,England,Goalkeeper,right,9.00m,44,not informed,http://www.transfermarkt.co.uk//fraser-forster/profil/spieler/52570
Gabriel Armando de Abreu,25,Brazil,Defence - Centre Back,right,9.00m,5,KICK & RUN SPORTS,http://www.transfermarkt.co.uk//gabriel-paulista/profil/spieler/149498
Daniel William John Ings,23,England,Striker - Centre Forward,right,9.00m,28,not informed,http://www.transfermarkt.co.uk//danny-ings/profil/spieler/134294
Ryan Dominic Bertrand,26,England,Defence - Left-Back,left,9.00m,21,Key Sports Managment Ltd.,http://www.transfermarkt.co.uk//ryan-bertrand/profil/spieler/40611
Odion Jude Ighalo,26,Nigeria,Striker - Centre Forward,right,9.00m,24,Emefie Aneke Atta,http://www.transfermarkt.co.uk//odion-ighalo/profil/spieler/62121
Jamie Richard Vardy,29,England,Striker - Centre Forward,right,9.00m,9,Key Sports Managment Ltd.,http://www.transfermarkt.co.uk//jamie-vardy/profil/spieler/197838
Bamidele Jermaine Alli,20,England,Midfield - Central Midfield,right,9.00m,20,GK Football,http://www.transfermarkt.co.uk//dele-alli/profil/spieler/207929
Simon Luc Hildebert Mignolet,28,Belgium,Goalkeeper,right,9.00m,22,Cherry Sports,http://www.transfermarkt.co.uk//simon-mignolet/profil/spieler/50219
Lucas Pezzini Leiva,29,Brazil,Midfield - Defensive Midfield,right,9.00m,21,Mondial Sport,http://www.transfermarkt.co.uk//lucas-leiva/profil/spieler/41414
Daniel Lee Rose,25,England,Defence - Left-Back,left,8.25m,3,No agent,http://www.transfermarkt.co.uk//danny-rose/profil/spieler/50174
Enner Remberto Valencia Lastra,26,Ecuador,Striker - Centre Forward,right,8.25m,11,Not clarified,http://www.transfermarkt.co.uk//enner-valencia/profil/spieler/139503
Ryan James Shawcross,28,England,Defence - Centre Back,right,8.25m,17,not informed,http://www.transfermarkt.co.uk//ryan-shawcross/profil/spieler/45861
James Michael Edward Ward-Prowse,21,England,Midfield - Central Midfield,right,8.25m,16,not informed,http://www.transfermarkt.co.uk//james-ward-prowse/profil/spieler/181579
Jeremain Marciano Lens,28,Netherlands,Striker - Left Wing,right,8.25m,17,SEG,http://www.transfermarkt.co.uk//jeremain-lens/profil/spieler/38497
Shane Patrick Long,29,Ireland,Striker - Centre Forward,both,7.50m,7,Not clarified,http://www.transfermarkt.co.uk//shane-long/profil/spieler/37304
Chancel Mbemba Mangulu,21,Congo DR,Defence - Centre Back,right,7.50m,18,not informed,http://www.transfermarkt.co.uk//chancel-mbemba/profil/spieler/203348
Clinton Mua N'Jie,22,Cameroon,Striker - Centre Forward,right,7.50m,14,DM Football Advice International,http://www.transfermarkt.co.uk//clinton-njie/profil/spieler/241119
Jordan Kevin Amavi,22,France,Defence - Left-Back,left,7.50m,23,GROUPE USM,http://www.transfermarkt.co.uk//jordan-amavi/profil/spieler/241229
Aaron William Cresswell,26,England,Defence - Left-Back,left,7.50m,3,not informed,http://www.transfermarkt.co.uk//aaron-cresswell/profil/spieler/92571
Emmanuel Chinenye Emenike,29,Nigeria,Striker - Centre Forward,right,7.50m,29,Foot & Ball,http://www.transfermarkt.co.uk//emmanuel-emenike/profil/spieler/120630
Andrew Thomas Carroll,27,England,Striker - Centre Forward,left,7.50m,9,Mark Curtis,http://www.transfermarkt.co.uk//andy-carroll/profil/spieler/48066
John Michael Nchekwube Obinna,29,Nigeria,Midfield - Defensive Midfield,right,7.50m,12,John Shittu,http://www.transfermarkt.co.uk//john-obi-mikel/profil/spieler/30739
Ashley Simon Young,30,England,Midfield - Left Wing,both,7.50m,18,firsteleven ISM,http://www.transfermarkt.co.uk//ashley-young/profil/spieler/14086
Alexandre Dimitri Song Billong,28,Cameroon,Midfield - Defensive Midfield,right,7.50m,4,Darren Dein,http://www.transfermarkt.co.uk//alex-song/profil/spieler/27394
Divock Okoth Origi,21,Belgium,Striker - Centre Forward,both,6.75m,27,WMG,http://www.transfermarkt.co.uk//divock-origi/profil/spieler/148368
Winston Wiremu Reid,27,New Zealand,Defence - Centre Back,right,6.75m,2,Boutique Transfers and Management ApS,http://www.transfermarkt.co.uk//winston-reid/profil/spieler/37526
Idrissa Gana Gueye,26,Senegal,Midfield - Central Midfield,right,6.75m,8,firsteleven ISM,http://www.transfermarkt.co.uk//idrissa-gueye/profil/spieler/126665
Andros Darryl Townsend,24,England,Midfield - Right Wing,left,6.75m,25,not informed,http://www.transfermarkt.co.uk//andros-townsend/profil/spieler/61842
Troy Matthew Deeney,27,England,Striker - Centre Forward,right,6.75m,9,not informed,http://www.transfermarkt.co.uk//troy-deeney/profil/spieler/65477
Benik Tunani Afobe,23,Congo DR,Striker - Centre Forward,both,6.75m,20,Stellar Football Ltd,http://www.transfermarkt.co.uk//benik-afobe/profil/spieler/110858
Carl Daniel Jenkinson,24,England,Defence - Right-Back,right,6.75m,25,Not clarified,http://www.transfermarkt.co.uk//carl-jenkinson/profil/spieler/126321
Angelo Obinze Ogbonna,27,Italy,Defence - Centre Back,left,6.75m,21,Branchini Associati S.p.A.,http://www.transfermarkt.co.uk//angelo-ogbonna/profil/spieler/48002
Thomas William Cleverley,26,England,Midfield - Central Midfield,right,6.75m,15,Not clarified,http://www.transfermarkt.co.uk//tom-cleverley/profil/spieler/73484
Leroy Johan Fer,26,Netherlands,Midfield - Central Midfield,both,6.38m,8,Wasserman Netherlands Management,http://www.transfermarkt.co.uk//leroy-fer/profil/spieler/63342
Jordan Marcel Gilbert Veretout,23,France,Midfield - Central Midfield,right,6.00m,17,Eden Sports Group,http://www.transfermarkt.co.uk//jordan-veretout/profil/spieler/164771
Max-Alain Gradel,28,Cote d'Ivoire,Midfield - Left Wing,right,6.00m,10,Change4S,http://www.transfermarkt.co.uk//max-gradel/profil/spieler/28140
Robert Kenedy Nunes do Nascimento,20,Brazil,Defence - Left-Back,left,6.00m,16,firsteleven ISM development,http://www.transfermarkt.co.uk//kenedy/profil/spieler/281404
Joel Nathaniel Campbell Samuels,23,Costa Rica,Striker - Right Wing,left,6.00m,28,Not clarified,http://www.transfermarkt.co.uk//joel-campbell/profil/spieler/131248
Timothy Michael Krul,28,Netherlands,Goalkeeper,left,6.00m,1,not informed,http://www.transfermarkt.co.uk//tim-krul/profil/spieler/33027
Benjamin Thomas Davies,23,Wales,Defence - Left-Back,left,6.00m,33,not informed,http://www.transfermarkt.co.uk//ben-davies/profil/spieler/192765
Pedro Mba Obiang Avomo,24,Spain,Midfield - Central Midfield,right,6.00m,14,Relatives,http://www.transfermarkt.co.uk//pedro-obiang/profil/spieler/101213
Mame Biram Diouf,28,Senegal,Striker - Centre Forward,right,6.00m,18,Jim Solbakken,http://www.transfermarkt.co.uk//mame-diouf/profil/spieler/62049
Dazet Wilfried Armel Zaha,23,England,Midfield - Right Wing,right,6.00m,11,KICK & RUN SPORTS,http://www.transfermarkt.co.uk//wilfried-zaha/profil/spieler/145988
Joseph Michael Allen,26,Wales,Midfield - Central Midfield,right,6.00m,24,Not clarified,http://www.transfermarkt.co.uk//joe-allen/profil/spieler/51452
Jack Christian Rodwell,25,England,Midfield - Central Midfield,right,6.00m,8,James Grant Sports Management,http://www.transfermarkt.co.uk//jack-rodwell/profil/spieler/57079
Luis Antonio Valencia Mosquera,30,Ecuador,Defence - Right-Back,right,6.00m,25,LYD Sports,http://www.transfermarkt.co.uk//antonio-valencia/profil/spieler/33544
Jack Raymond Colback,26,England,Midfield - Defensive Midfield,left,5.63m,4,not informed,http://www.transfermarkt.co.uk//jack-colback/profil/spieler/61644
Ryan Glen Mason,24,England,Midfield - Central Midfield,right,5.63m,8,World in Motion,http://www.transfermarkt.co.uk//ryan-mason/profil/spieler/61834
Nathan Daniel Jerome Redmond,22,England,Midfield - Right Wing,right,5.63m,22,Soccertalents,http://www.transfermarkt.co.uk//nathan-redmond/profil/spieler/129078
Steven Roy Caulker,24,England,Defence - Centre Back,right,5.63m,19,Stellar Football Ltd,http://www.transfermarkt.co.uk//steven-caulker/profil/spieler/121280
Jordan Pierre Ayew,24,Ghana,Striker - Centre Forward,right,5.63m,19,Mondial Promotion,http://www.transfermarkt.co.uk//jordan-ayew/profil/spieler/108354
Rudolphe Philippe Michel Camille Gestede,27,Benin,Striker - Centre Forward,right,5.25m,39,Gallea Gestion S.A,http://www.transfermarkt.co.uk//rudy-gestede/profil/spieler/39908
Michail Gregory Antonio,26,England,Midfield - Right Wing,right,5.25m,30,not informed,http://www.transfermarkt.co.uk//michail-antonio/profil/spieler/104124
Jordon Femi Ashley Ibe,20,England,Midfield - Right Wing,both,5.25m,33,firsteleven ISM,http://www.transfermarkt.co.uk//jordon-ibe/profil/spieler/195652
Mark James Noble,29,England,Midfield - Central Midfield,right,5.25m,16,not informed,http://www.transfermarkt.co.uk//mark-noble/profil/spieler/31835
Jonathon Patrick Flanagan,23,England,Defence - Right-Back,right,5.25m,38,not informed,http://www.transfermarkt.co.uk//jon-flanagan/profil/spieler/145922
Glen McLeod Cooper Johnson,31,England,Defence - Right-Back,both,5.25m,8,Stellar Football Ltd,http://www.transfermarkt.co.uk//glen-johnson/profil/spieler/3881
Ashley Errol Williams,31,Wales,Defence - Centre Back,right,4.88m,6,not informed,http://www.transfermarkt.co.uk//ashley-williams/profil/spieler/67355
Michael John Jedinak,31,Australia,Midfield - Central Midfield,right,4.50m,15,Playmaker Football Management,http://www.transfermarkt.co.uk//mile-jedinak/profil/spieler/28336
James Oliver Charles Tomkins,27,England,Defence - Centre Back,right,4.50m,5,GT Talents World,http://www.transfermarkt.co.uk//james-tomkins/profil/spieler/61592
Costel Fane Pantilimon,29,Romania,Goalkeeper,right,4.50m,18,Relatives,http://www.transfermarkt.co.uk//costel-pantilimon/profil/spieler/47659
Kieran John Trippier,25,England,Defence - Right-Back,right,4.50m,16,Stellar Football Ltd,http://www.transfermarkt.co.uk//kieran-trippier/profil/spieler/95810
Tyrone Deon Mings,23,England,Defence - Left-Back,left,4.50m,14,not informed,http://www.transfermarkt.co.uk//tyrone-mings/profil/spieler/253677
James Grant Chester,27,Wales,Defence - Centre Back,right,4.50m,4,not informed,http://www.transfermarkt.co.uk//james-chester/profil/spieler/73482
Robert Brady,24,Ireland,Defence - Left-Back,left,4.50m,12,not informed,http://www.transfermarkt.co.uk//robbie-brady/profil/spieler/128229
Mamadou Oulare Obbi,20,Belgium,Striker - Centre Forward,right,4.50m,10,Kirola Sports S.A.,http://www.transfermarkt.co.uk//obbi-oulare/profil/spieler/314959
Steven John Naismith,29,Scotland,Striker - Secondary Striker,right,4.50m,7,PMPR Excellence,http://www.transfermarkt.co.uk//steven-naismith/profil/spieler/12763
Daniel Noel Drinkwater,26,England,Midfield - Central Midfield,right,4.50m,4,Stellar Football Ltd,http://www.transfermarkt.co.uk//danny-drinkwater/profil/spieler/73491
Matthew Thomas Ritchie,26,Scotland,Midfield - Right Midfield,left,4.50m,30,not informed,http://www.transfermarkt.co.uk//matt-ritchie/profil/spieler/92469
Demarai Ramelle Gray,19,England,Midfield - Left Wing,right,4.50m,22,firsteleven ISM,http://www.transfermarkt.co.uk//demarai-gray/profil/spieler/292417
Connor Neil Ralph Wickham,23,England,Striker - Centre Forward,right,4.50m,21,Stellar Football Ltd,http://www.transfermarkt.co.uk//connor-wickham/profil/spieler/95435
Jonathan Grant Evans,28,Northern Ireland,Defence - Centre Back,right,4.50m,6,Not clarified,http://www.transfermarkt.co.uk//jonny-evans/profil/spieler/42412
Jermain Colin Defoe,33,England,Striker - Centre Forward,right,4.50m,18,Andrew Sky,http://www.transfermarkt.co.uk//jermain-defoe/profil/spieler/3875
Aaron Justin Lennon,29,England,Midfield - Right Wing,right,4.50m,12,Base Soccer Agency Ltd,http://www.transfermarkt.co.uk//aaron-lennon/profil/spieler/14221
Jefferson Antonio Montero Vite,26,Ecuador,Midfield - Left Wing,both,4.13m,20,Not clarified,http://www.transfermarkt.co.uk//jefferson-montero/profil/spieler/77932
Jason David Ian Puncheon,29,England,Midfield - Right Wing,left,3.75m,42,not informed,http://www.transfermarkt.co.uk//jason-puncheon/profil/spieler/47995
Callum Henry McManaman,25,England,Striker - Right Wing,right,3.75m,19,not informed,http://www.transfermarkt.co.uk//callum-mcmanaman/profil/spieler/61711
Patrick James Bamford,22,England,Striker - Centre Forward,left,3.75m,11,not informed,http://www.transfermarkt.co.uk//patrick-bamford/profil/spieler/183334
Kasper Peter Schmeichel,29,Denmark,Goalkeeper,right,3.75m,1,First Artist Scandinavia A/S,http://www.transfermarkt.co.uk//kasper-schmeichel/profil/spieler/16911
Joel Edward Philip Ward,26,England,Defence - Right-Back,right,3.75m,2,Relatives,http://www.transfermarkt.co.uk//joel-ward/profil/spieler/92572
Thomas James Carroll,23,England,Midfield - Central Midfield,left,3.75m,28,not informed,http://www.transfermarkt.co.uk//tom-carroll/profil/spieler/121279
Jesse Ellis Lingard,23,England,Midfield - Right Wing,right,3.75m,35,not informed,http://www.transfermarkt.co.uk//jesse-lingard/profil/spieler/141660
Ruben Ira Loftus-Cheek,20,England,Midfield - Central Midfield,right,3.75m,36,not informed,http://www.transfermarkt.co.uk//ruben-loftus-cheek/profil/spieler/202886
Kelechi Promise Iheanacho,19,Nigeria,Striker - Centre Forward,left,3.75m,72,just football,http://www.transfermarkt.co.uk//kelechi-iheanacho/profil/spieler/295330
Tetchi Jores Charlemagne Okore,23,Denmark,Defence - Centre Back,right,3.75m,5,not informed,http://www.transfermarkt.co.uk//jores-okore/profil/spieler/129085
James Clark Morrison,29,Scotland,Midfield - Central Midfield,right,3.75m,7,Key Sports Managment Ltd.,http://www.transfermarkt.co.uk//james-morrison/profil/spieler/27614
Oriol Romeu Vidal,24,Spain,Midfield - Defensive Midfield,right,3.75m,14,Not clarified,http://www.transfermarkt.co.uk//oriol-romeu/profil/spieler/66100
Micah Lincoln Richards,27,England,Defence - Centre Back,right,3.75m,4,SEM Group plc.,http://www.transfermarkt.co.uk//micah-richards/profil/spieler/32617
Neil John Taylor,27,Wales,Defence - Left-Back,left,3.38m,3,not informed,http://www.transfermarkt.co.uk//neil-taylor/profil/spieler/67416
Patrick James Coleman McNair,21,Northern Ireland,Defence - Centre Back,right,3.38m,33,not informed,http://www.transfermarkt.co.uk//patrick-mcnair/profil/spieler/167268
Patrick John Miguel van Aanholt,25,Netherlands,Defence - Left-Back,left,3.38m,3,not informed,http://www.transfermarkt.co.uk//patrick-van-aanholt/profil/spieler/52119
Samuel Mark Byram,22,England,Defence - Right-Back,right,3.38m,22,not informed,http://www.transfermarkt.co.uk//sam-byram/profil/spieler/236953
,1,86 m,Austria,Defence - Left-Back,left,3.38m,28,GRASS IS GREEN,http://www.transfermarkt.co.uk//christian-fuchs/profil/spieler/6636
Charles Graham Adam,30,Scotland,Midfield - Central Midfield,left,3.38m,16,not informed,http://www.transfermarkt.co.uk//charlie-adam/profil/spieler/28990
Ashley Roy Westwood,26,England,Midfield - Defensive Midfield,right,3.00m,15,not informed,http://www.transfermarkt.co.uk//ashley-westwood/profil/spieler/91317
Jack Frank Porteous Cork,26,England,Midfield - Defensive Midfield,right,3.00m,24,not informed,http://www.transfermarkt.co.uk//jack-cork/profil/spieler/40613
Ivo Daniel Ferreira Mendonca Pinto,26,Portugal,Defence - Right-Back,right,3.00m,25,Onsoccer,http://www.transfermarkt.co.uk//ivo-pinto/profil/spieler/82281
Lewis James Grabban,28,Jamaica,Striker - Centre Forward,right,3.00m,28,not informed,http://www.transfermarkt.co.uk//lewis-grabban/profil/spieler/35413
Jonathan Mark Howson,27,England,Midfield - Central Midfield,both,3.00m,8,Stellar Football Ltd,http://www.transfermarkt.co.uk//jonathan-howson/profil/spieler/45395
Felix Junior Stanislas,26,England,Midfield - Left Wing,right,3.00m,19,not informed,http://www.transfermarkt.co.uk//junior-stanislas/profil/spieler/87672
Martin Tony Waikwa Olsson,27,Sweden,Defence - Left-Back,left,3.00m,23,HCM Sport Agency,http://www.transfermarkt.co.uk//martin-olsson/profil/spieler/38073
Martin Ronald Kelly,26,England,Defence - Right-Back,right,3.00m,34,Stellar Football Ltd,http://www.transfermarkt.co.uk//martin-kelly/profil/spieler/78959
Joseph Christopher Ledley,29,Wales,Midfield - Central Midfield,left,3.00m,28,Base Soccer Agency Ltd,http://www.transfermarkt.co.uk//joe-ledley/profil/spieler/34409
Benjamin Anthony Foster,33,England,Goalkeeper,right,3.00m,1,not informed,http://www.transfermarkt.co.uk//ben-foster/profil/spieler/13572
Nathan Antone Jonah Dyer,28,England,Midfield - Right Wing,right,3.00m,24,Stellar Football Ltd,http://www.transfermarkt.co.uk//nathan-dyer/profil/spieler/37011
Carles Gil de Pareja Vicent,23,Spain,Midfield - Right Wing,left,3.00m,25,No agent,http://www.transfermarkt.co.uk//carles-gil/profil/spieler/127987
Jordon James Edward Sydney Mutch,24,England,Midfield - Central Midfield,right,3.00m,22,not informed,http://www.transfermarkt.co.uk//jordon-mutch/profil/spieler/57207
Andre Alexander Shaquille Wisdom,23,England,Defence - Right-Back,right,3.00m,3,Stellar Football Ltd,http://www.transfermarkt.co.uk//andre-wisdom/profil/spieler/128912
Marc Kevin Albrighton,26,England,Midfield - Left Midfield,right,3.00m,11,not informed,http://www.transfermarkt.co.uk//marc-albrighton/profil/spieler/61560
Claudio Ariel Yacob,28,Argentina,Midfield - Defensive Midfield,right,3.00m,5,not informed,http://www.transfermarkt.co.uk//claudio-yacob/profil/spieler/45330
Tiago Abiola Delfim Almeida Ilori,23,Portugal,Defence - Centre Back,right,3.00m,26,Eden Sports Group,http://www.transfermarkt.co.uk//tiago-ilori/profil/spieler/177859
Christopher Brunt,31,Northern Ireland,Midfield - Left Midfield,left,3.00m,11,Key Sports Managment Ltd.,http://www.transfermarkt.co.uk//chris-brunt/profil/spieler/36814
Vurnon San Benito Anita,27,Netherlands,Midfield - Defensive Midfield,right,3.00m,8,Perfect!,http://www.transfermarkt.co.uk//vurnon-anita/profil/spieler/30670
Joseph Dave Gomez,18,England,Defence - Centre Back,right,2.63m,12,Key Sports Managment Ltd.,http://www.transfermarkt.co.uk//joe-gomez/profil/spieler/256178
Alexander Banor Tettey,30,Norway,Midfield - Defensive Midfield,right,2.63m,27,Management 15,http://www.transfermarkt.co.uk//alexander-tettey/profil/spieler/12384
Fraizer Lee Campbell,28,England,Striker - Centre Forward,right,2.63m,9,Stellar Football Ltd,http://www.transfermarkt.co.uk//fraizer-campbell/profil/spieler/42411
Jonathan Ronald Walters,32,Ireland,Striker - Right Wing,right,2.63m,19,not informed,http://www.transfermarkt.co.uk//jonathan-walters/profil/spieler/3306
Lee Barry Cattermole,28,England,Midfield - Defensive Midfield,right,2.63m,6,Stellar Football Ltd,http://www.transfermarkt.co.uk//lee-cattermole/profil/spieler/37363
Sebastian Bengt Ulf Larsson,30,Sweden,Midfield - Central Midfield,right,2.63m,7,Anders Carlsson,http://www.transfermarkt.co.uk//sebastian-larsson/profil/spieler/31720
Scott Andrew Sinclair,27,England,Midfield - Left Wing,right,2.63m,9,Stellar Football Ltd,http://www.transfermarkt.co.uk//scott-sinclair/profil/spieler/31552
Russell Kenneth Alexander Martin,30,Scotland,Defence - Centre Back,right,2.25m,5,not informed,http://www.transfermarkt.co.uk//russell-martin/profil/spieler/67303
Jordi Amat Maas,24,Spain,Defence - Centre Back,right,2.25m,2,not informed,http://www.transfermarkt.co.uk//jordi-amat/profil/spieler/85289
Leandro Jones Johan Bacuna,24,Curacao,Defence - Right-Back,right,2.25m,7,not informed,http://www.transfermarkt.co.uk//leandro-bacuna/profil/spieler/126014
Andrew King,27,Wales,Midfield - Central Midfield,right,2.25m,10,not informed,http://www.transfermarkt.co.uk//andy-king/profil/spieler/56872
Alex David Pritchard,23,England,Midfield - Attacking Midfield,right,2.25m,20,not informed,http://www.transfermarkt.co.uk//alex-pritchard/profil/spieler/200777
Craig George Cathcart,27,Northern Ireland,Defence - Centre Back,right,2.25m,15,not informed,http://www.transfermarkt.co.uk//craig-cathcart/profil/spieler/59606
Steve Anthony Cook,25,England,Defence - Centre Back,both,2.25m,3,not informed,http://www.transfermarkt.co.uk//steve-cook/profil/spieler/90836
Brendan Joel Zibusiso Galloway,20,England,Defence - Left-Back,left,2.25m,32,ROYAL,http://www.transfermarkt.co.uk//brendan-galloway/profil/spieler/208244
Matthew Robert Targett,20,England,Defence - Left-Back,left,2.25m,33,not informed,http://www.transfermarkt.co.uk//matt-targett/profil/spieler/250478
Serge David Gnabry,20,Germany,Midfield - Left Wing,right,2.25m,27,Relatives,http://www.transfermarkt.co.uk//serge-gnabry/profil/spieler/159471
Alex Simon McCarthy,26,England,Goalkeeper,right,2.25m,12,not informed,http://www.transfermarkt.co.uk//alex-mccarthy/profil/spieler/95976
Marc David Wilson,28,Ireland,Defence - Centre Back,both,2.25m,12,not informed,http://www.transfermarkt.co.uk//marc-wilson/profil/spieler/30456
Glenn David Whelan,32,Ireland,Midfield - Defensive Midfield,right,2.25m,6,not informed,http://www.transfermarkt.co.uk//glenn-whelan/profil/spieler/12124
John Thomas Gordon Ruddy,29,England,Goalkeeper,left,2.25m,1,World in Motion,http://www.transfermarkt.co.uk//john-ruddy/profil/spieler/29712
Geoffrey Scott Cameron,30,United States,Defence - Centre Back,right,2.25m,20,Beswicks Sports Ltd,http://www.transfermarkt.co.uk//geoff-cameron/profil/spieler/31642
Wilfredo Daniel Caballero,34,Argentina,Goalkeeper,right,2.25m,13,not informed,http://www.transfermarkt.co.uk//willy-caballero/profil/spieler/19948
Wayne Neville Anthony Routledge,31,England,Midfield - Left Wing,right,2.25m,15,Kick and Rush,http://www.transfermarkt.co.uk//wayne-routledge/profil/spieler/14066
Richard Lee Lambert,34,England,Striker - Centre Forward,right,2.25m,17,not informed,http://www.transfermarkt.co.uk//rickie-lambert/profil/spieler/49655
Dwight Devon Boyd Gayle,25,England,Striker - Centre Forward,right,2.25m,16,not informed,http://www.transfermarkt.co.uk//dwight-gayle/profil/spieler/196522
Bradley Edwin Guzan,31,United States,Goalkeeper,left,2.25m,1,WMG,http://www.transfermarkt.co.uk//brad-guzan/profil/spieler/39471
Cameron Zishan Rana-Jerome,29,England,Striker - Centre Forward,right,2.25m,10,Tony Finnigan,http://www.transfermarkt.co.uk//cameron-jerome/profil/spieler/35855
Daniel Peter Simpson,29,England,Defence - Right-Back,right,2.25m,17,not informed,http://www.transfermarkt.co.uk//danny-simpson/profil/spieler/37442
Wayne Robert Hennessey,29,Wales,Goalkeeper,right,2.25m,13,not informed,http://www.transfermarkt.co.uk//wayne-hennessey/profil/spieler/45494
James Joseph McClean,27,Ireland,Striker - Left Wing,left,2.25m,14,not informed,http://www.transfermarkt.co.uk//james-mcclean/profil/spieler/85935
Matthew Thomas Jarvis,29,England,Midfield - Left Wing,both,2.25m,16,not informed,http://www.transfermarkt.co.uk//matt-jarvis/profil/spieler/15921
Gabriel Imuetinyan Agbonlahor,29,England,Striker - Centre Forward,right,2.25m,11,Relatives,http://www.transfermarkt.co.uk//gabriel-agbonlahor/profil/spieler/37148
John George Terry,35,England,Defence - Centre Back,right,2.25m,26,Aaron Lincoln,http://www.transfermarkt.co.uk//john-terry/profil/spieler/3160
Westley Nathan Morgan,32,Jamaica,Defence - Centre Back,right,1.88m,5,not informed,http://www.transfermarkt.co.uk//wes-morgan/profil/spieler/10003
Modou Secka Barrow,23,The Gambia,Midfield - Right Wing,right,1.88m,58,not informed,http://www.transfermarkt.co.uk//modou-barrow/profil/spieler/189070
Matthew Miazga,20,United States,Defence - Centre Back,right,1.88m,20,WMG,http://www.transfermarkt.co.uk//matt-miazga/profil/spieler/245893
Ezekiel David Fryers,23,England,Defence - Left-Back,left,1.88m,19,not informed,http://www.transfermarkt.co.uk//zeki-fryers/profil/spieler/141655
